{
  "Reservation1": {
    "Name ": "Steven Hawking",
    "DateTime": "5/25/2021",
    "Phone ": "253-659-3589",
    "NumberOfGuest": "9",
    "Confirmed": "False"
  },
  "Reservation2": {
    "Name ": "Jeff Bezos",
    "DateTime": "5/26/2021",
    "Phone ": "206-680-3589",
    "NumberOfGuest": "6",
    "Confirmed": "False"
  },
  "Reservation3": {
    "Name ": "Albert Enstein",
    "DateTime": "5/26/2021",
    "Phone ": "412-636-4589",
    "NumberOfGuest": "15",
    "Confirmed": "False"
  },
  "Reservation4": {
    "Name ": "Kim Kardashian",
    "DateTime": "5/26/2021",
    "Phone ": "216-893-3589",
    "NumberOfGuest": "16",
    "Confirmed": "False"
  },
  "Reservation5": {
    "Name ": "Krisi Hernandez",
    "DateTime": "5/27/2021",
    "Phone ": "253-682-3589",
    "NumberOfGuest": "60",
    "Confirmed": "False"
  },
  "Reservation6": {
    "Name ": "Steven Jobs",
    "DateTime": "5/27/2021",
    "Phone ": "253-630-3769",
    "NumberOfGuest": "19",
    "Confirmed": "False"
  },
  "Reservation7": {
    "Name ": "Arnold Schwarzenegger",
    "DateTime": "5/28/2021",
    "Phone ": "456-689-3325",
    "NumberOfGuest": "9",
    "Confirmed": "False"
  },
  "Reservation8": {
    "Name ": "Sylvester Stallone",
    "DateTime": "5/28/2021",
    "Phone ": "253-313-9687",
    "NumberOfGuest": "24",
    "Confirmed": "False"
  },
  "Reservation9": {
    "Name ": "Dolph Lundgren",
    "DateTime": "5/29/2021",
    "Phone ": "253-314-9887",
    "NumberOfGuest": "4",
    "Confirmed": "False"
  },
  "Reservation10": {
    "Name ": "Elon Musk",
    "DateTime": "5/29/2021",
    "Phone ": "415-659-3570",
    "NumberOfGuest": "15",
    "Confirmed": "False"
  }

}